wine_type,mae,mse,rmse,r2,exact_accuracy,tolerance_1,tolerance_1_5
red,0.44577734472062447,0.37490819137068715,0.6122974696752284,0.4217315662473218,0.6520833333333333,0.8916666666666667,0.9604166666666667
white,0.44248299319727896,0.37263380952380953,0.6104373919771048,0.5236598761269255,0.6605442176870748,0.8959183673469387,0.9748299319727891
